insert into district (code,name) values('110000','北京市');						
insert into district (code,name) values('110101','东城区');						
insert into district (code,name) values('110102','西城区');						
insert into district (code,name) values('110105','朝阳区');						
insert into district (code,name) values('110106','丰台区');						
insert into district (code,name) values('110107','石景山区');						
insert into district (code,name) values('110108','海淀区');						
insert into district (code,name) values('110109','门头沟区');						
insert into district (code,name) values('110111','房山区');						
insert into district (code,name) values('110112','通州区');						
insert into district (code,name) values('110113','顺义区');						
insert into district (code,name) values('110114','昌平区');						
insert into district (code,name) values('110115','大兴区');						
insert into district (code,name) values('110116','怀柔区');						
insert into district (code,name) values('110117','平谷区');						
insert into district (code,name) values('110118','密云区');						
insert into district (code,name) values('110119','延庆区');

insert into organization (id,name,enabled) values(1,'系统管理',0);

insert into organization (id,name) values(2,'发展和改革委员会');
insert into organization (id,name) values(3,'科学技术局');
insert into organization (id,name) values(4,'民族和宗教委员会');
insert into organization (id,name) values(6,'司法局');
insert into organization (id,name) values(7,'人力资源和社会保障局');
insert into organization (id,name) values(8,'生态环境局');
insert into organization (id,name) values(9,'交通运输局');
insert into organization (id,name) values(10,'农业农村局');
insert into organization (id,name) values(11,'文化广电旅游局');
insert into organization (id,name) values(12,'退役军人事务局');
insert into organization (id,name) values(13,'中国人民银行');
insert into organization (id,name) values(15,'教育局');
insert into organization (id,name) values(16,'工业和信息化局');
insert into organization (id,name) values(17,'公安局');
insert into organization (id,name) values(18,'民政局');
insert into organization (id,name) values(19,'财政局');
insert into organization (id,name) values(20,'自然资源局');
insert into organization (id,name) values(21,'住房和城乡建设局');
insert into organization (id,name) values(22,'水务局');
insert into organization (id,name) values(23,'商务局');
insert into organization (id,name) values(24,'卫生健康局');
insert into organization (id,name) values(25,'应急管理局');
insert into organization (id,name) values(26,'审计局');
insert into organization (id,name) values(30,'国有资产监督管理委员会');
insert into organization (id,name) values(41,'市场监督管理局');
insert into organization (id,name) values(42,'体育局');
insert into organization (id,name) values(45,'国家税务总局');
insert into organization (id,name) values(47,'统计局');
insert into organization (id,name) values(48,'医疗保障局');
insert into organization (id,name) values(68,'中国银行保险监督管理委员会');
insert into organization (id,name) values(71,'能源局');
insert into organization (id,name) values(90,'人民防空办公室');
insert into organization (id,name) values(91,'扶贫开发办公室');
insert into organization (id,name) values(92,'生态移民局');
insert into organization (id,name) values(93,'林业局');

insert into users (id,username,password,district_code,organization_id,realname,telephone,enabled) values(1,'admin','$2a$10$Fkz3FaPhMNlS8yMbmS/yOuIuGfkz7Ix1UYgBOSd5IcXdhQKlAWgIG','110000',1,'系统管理员','12345678910',1);
insert into users (id,username,password,district_code,organization_id,realname,telephone,enabled) values(2,'zs','$2a$10$Fkz3FaPhMNlS8yMbmS/yOuIuGfkz7Ix1UYgBOSd5IcXdhQKlAWgIG','110101',17,'张三','13885000001',1);
insert into users (id,username,password,district_code,organization_id,realname,telephone,enabled) values(3,'we','$2a$10$Fkz3FaPhMNlS8yMbmS/yOuIuGfkz7Ix1UYgBOSd5IcXdhQKlAWgIG','110102',17,'王二','13885000001',1);
insert into users (id,username,password,district_code,organization_id,realname,telephone,enabled) values(4,'zs4','$2a$10$Fkz3FaPhMNlS8yMbmS/yOuIuGfkz7Ix1UYgBOSd5IcXdhQKlAWgIG','110105',17,'张三4','13885000001',1);
insert into users (id,username,password,district_code,organization_id,realname,telephone,enabled) values(5,'zs5','$2a$10$Fkz3FaPhMNlS8yMbmS/yOuIuGfkz7Ix1UYgBOSd5IcXdhQKlAWgIG','110101',17,'张三5','13885000001',1);
insert into users (id,username,password,district_code,organization_id,realname,telephone,enabled) values(6,'zs6','$2a$10$Fkz3FaPhMNlS8yMbmS/yOuIuGfkz7Ix1UYgBOSd5IcXdhQKlAWgIG','110101',17,'张三6','13885000001',1);
insert into users (id,username,password,district_code,organization_id,realname,telephone,enabled) values(7,'zs7','$2a$10$Fkz3FaPhMNlS8yMbmS/yOuIuGfkz7Ix1UYgBOSd5IcXdhQKlAWgIG','110101',17,'张三7','13885000001',1);
insert into users (id,username,password,district_code,organization_id,realname,telephone,enabled) values(8,'zs8','$2a$10$Fkz3FaPhMNlS8yMbmS/yOuIuGfkz7Ix1UYgBOSd5IcXdhQKlAWgIG','110101',17,'张三8','13885000001',1);
insert into users (id,username,password,district_code,organization_id,realname,telephone,enabled) values(9,'zs9','$2a$10$Fkz3FaPhMNlS8yMbmS/yOuIuGfkz7Ix1UYgBOSd5IcXdhQKlAWgIG','110101',17,'张三9','13885000001',1);
insert into users (id,username,password,district_code,organization_id,realname,telephone,enabled) values(10,'zs10','$2a$10$Fkz3FaPhMNlS8yMbmS/yOuIuGfkz7Ix1UYgBOSd5IcXdhQKlAWgIG','110101',17,'张三20','13885000001',1);
insert into users (id,username,password,district_code,organization_id,realname,telephone,enabled) values(11,'zs11','$2a$10$Fkz3FaPhMNlS8yMbmS/yOuIuGfkz7Ix1UYgBOSd5IcXdhQKlAWgIG','110101',17,'张三22','13885000001',1);
insert into users (id,username,password,district_code,organization_id,realname,telephone,enabled) values(122,'zs12','$2a$10$Fkz3FaPhMNlS8yMbmS/yOuIuGfkz7Ix1UYgBOSd5IcXdhQKlAWgIG','110101',17,'张三24','13885000001',1);

insert into authorities (username,authority) values('admin','admin');